item_id,attack_id,release_a,release_b,bin,jaccard,seqmatch,char3_jaccard,sentence_jaccard,tfidf_cosine,version_a,version_b,major_bump,any_bump,tactic_changed,platform_changed,name_changed,codebook_example
A001,T1063,5.0,6.0,0.60-0.80,0.7692307692307693,0.8335046248715313,0.7876254180602007,0.6666666666666666,0.8961691659957215,2.0,2.1,False,True,False,False,False,False
A002,T1150,2.0,3.0,0.60-0.80,0.6095890410958904,0.6747181964573269,0.6823687752355316,0.38461538461538464,0.7815980652960159,1.0,1.0,False,False,False,False,False,False
A003,T1498.001,10.0,11.0,J>=0.95,0.9541984732824428,0.9619352543578797,0.9436619718309859,0.75,0.9878024683208847,1.2,1.3,False,True,False,False,False,False
A004,T1067,2.0,3.0,0.60-0.80,0.7394957983193278,0.8418747262374069,0.7010463378176383,0.38461538461538464,0.9181198889719554,1.0,1.0,False,False,False,False,False,False
A005,T1612,9.0,10.0,0.80-0.95,0.9247311827956989,0.9697265625,0.922077922077922,0.5,0.9882870439497519,1.0,1.1,False,True,False,False,False,False
A006,T1016,2.0,3.0,J<0.40,0.3565217391304348,0.36177884615384615,0.34789156626506024,0.2,0.4263716087280605,1.0,1.0,False,False,False,False,False,False
A007,T1069,2.0,3.0,J<0.40,0.39655172413793105,0.5493951612903226,0.3988919667590028,0.14285714285714285,0.8184743577530599,1.0,1.0,False,False,False,False,False,False
A008,T1562.008,12.0,13.0,0.60-0.80,0.7032967032967034,0.45149253731343286,0.7045009784735812,0.6,0.8141918083245323,1.2,1.3,False,True,False,True,False,False
A009,T1112,18.0,19.0,J>=0.95,0.9943820224719101,0.9830966869506423,0.9884332281808622,0.7142857142857143,0.997381623357928,2.0,3.0,True,True,True,False,False,False
A010,T1005,6.0,7.0,0.60-0.80,0.7424242424242424,0.6654898499558694,0.7512820512820513,0.16666666666666666,0.8271764219970511,1.1,1.2,False,True,False,True,False,False
A011,T1562.003,10.0,11.0,0.80-0.95,0.9125,0.9659863945578231,0.9110122358175751,0.8823529411764706,0.9936582274200642,2.0,2.1,False,True,False,True,False,False
A012,T1153,5.0,6.0,J>=0.95,0.9710144927536232,0.9817415730337079,0.9555555555555556,0.6666666666666666,0.9888094219178474,1.0,1.1,False,True,False,False,False,False
A013,T1119,6.0,7.0,0.80-0.95,0.875,0.9465763732129421,0.8729792147806005,0.3333333333333333,0.8961736515749876,1.0,1.0,False,False,False,False,False,False
A014,T1070,10.0,11.0,0.40-0.60,0.49166666666666664,0.4792682926829268,0.5194610778443114,0.2,0.6346879614205027,1.2,1.3,False,True,False,True,False,False
A015,T1109,2.0,3.0,0.60-0.80,0.7472527472527473,0.8170326014637392,0.7433460076045627,0.4,0.9005489390894131,1.0,1.0,False,False,False,False,False,False
A016,T1055.001,11.0,12.0,0.80-0.95,0.8055555555555556,0.8317836010143702,0.8294871794871795,0.625,0.905267745674985,1.1,1.2,False,True,False,False,False,False
A017,T1117,5.0,6.0,J>=0.95,0.9851851851851852,0.990234375,0.9778645833333334,0.8181818181818182,0.9945963015334842,1.1,1.2,False,True,False,False,False,False
A018,T1123,2.0,3.0,0.40-0.60,0.5094339622641509,0.5726600985221675,0.5264900662251656,0.42857142857142855,0.7560937216120682,1.0,1.0,False,False,False,False,False,False
A019,T1074,2.0,3.0,J<0.40,0.37735849056603776,0.4301352221506761,0.3982608695652174,0.1,0.6200630742737503,1.0,1.0,False,False,False,False,False,False
A020,T1666,18.0,19.0,J>=0.95,0.9640287769784173,0.9908256880733946,0.9813829787234043,0.8,0.992107901228043,1.0,2.0,True,True,True,False,False,False
A021,T1101,2.0,3.0,0.60-0.80,0.6548672566371682,0.7230379746835442,0.6703645007923931,0.4444444444444444,0.8931923399116354,1.0,1.0,False,False,False,False,False,False
A022,T1025,6.0,7.0,J>=0.95,1.0,0.7910863509749304,0.9971181556195965,1.0,0.9999999999999998,1.0,1.1,False,True,False,False,False,False
A023,T1566.002,17.0,18.0,J>=0.95,0.9866071428571429,0.8364448699537259,0.971027216856892,0.6666666666666666,0.9858910857005435,2.7,2.8,False,True,False,False,False,False
A024,T1136,5.0,6.0,0.40-0.60,0.5294117647058824,0.5490943755958055,0.5012987012987012,0.14285714285714285,0.5950929592816904,1.0,2,True,True,False,True,False,False
A025,T1552.001,14.0,15.0,J>=0.95,1.0,0.9991575400168492,0.9903069466882067,0.3333333333333333,1.0000000000000002,1.2,1.2,False,False,False,False,False,False
A026,T1119,2.0,3.0,0.40-0.60,0.464,0.45959367945823926,0.4717514124293785,0.15384615384615385,0.642787821074145,1.0,1.0,False,False,False,False,False,False
A027,T1200,2.0,3.0,0.60-0.80,0.7327586206896551,0.7888631090487239,0.7504078303425775,0.2857142857142857,0.8543523101185097,1.0,1.0,False,False,False,False,False,False
A028,T1584.004,12.0,13.0,J>=0.95,0.9508196721311475,0.9322990126939351,0.9349593495934959,0.6666666666666666,0.9802962192378593,1.1,1.2,False,True,False,False,False,False
A029,T1218.009,10.0,11.0,J>=0.95,0.9868421052631579,0.9876543209876543,1.0,0.7142857142857143,0.9970218878068597,1.0,2.0,True,True,False,False,False,False
A030,T1018,6.0,7.0,0.40-0.60,0.5337423312883436,0.3211009174311927,0.5944134078212291,0.0,0.4760611630412296,2.0,2.1,False,True,False,False,False,False
A031,T1574.002,8.0,9.0,J<0.40,0.32608695652173914,0.0945179584120983,0.4042838018741633,0.0,0.6164070791939721,1.0,2.0,True,True,False,False,False,True
A032,T1218,2.0,3.0,0.60-0.80,0.7380952380952381,0.818,0.7470198675496689,0.42857142857142855,0.9394297528949537,1.0,1.0,False,False,False,False,False,False
A033,T1124,8.0,9.0,0.80-0.95,0.8217821782178217,0.8907942238267148,0.8370118845500849,0.5,0.9587667293959207,1.1,1.2,False,True,False,False,False,False
A034,T1016,6.0,7.0,J>=0.95,0.9722222222222222,0.9926289926289926,0.9750566893424036,0.6,0.9937224474266954,1.1,1.2,False,True,False,False,False,False
A035,T1008,2.0,3.0,J<0.40,0.30337078651685395,0.3996138996138996,0.33078393881453155,0.2,0.5106844287365659,1.0,1.0,False,False,False,False,False,False
A036,T1566.003,14.0,15.0,J>=0.95,0.9583333333333334,0.9875114224794396,0.9576502732240437,0.7857142857142857,0.982629103404899,2.0,2.0,False,False,False,False,False,False
A037,T1539,6.0,7.0,J>=0.95,0.9924812030075187,0.9996521739130435,0.9985443959243085,0.75,0.9924834482795377,1.0,1.0,False,False,False,False,False,False
A038,T1086,2.0,3.0,0.40-0.60,0.49032258064516127,0.6102865032792544,0.5494636471990465,0.4,0.7799737728863364,1.0,1.0,False,False,False,False,False,False
A039,T1048,2.0,3.0,0.40-0.60,0.4215686274509804,0.5431034482758621,0.4347048300536673,0.5,0.6825394081253982,1.0,1.0,False,False,False,False,False,True
A040,T1588.007,18.0,19.0,J>=0.95,0.9758064516129032,0.9972318339100346,0.9833564493758669,0.6666666666666666,0.9902115380352393,1.1,1.1,False,False,False,False,False,False
A041,T1078,3.0,4.0,0.40-0.60,0.520618556701031,0.5862335653518949,0.5943983402489627,0.3333333333333333,0.6855089211484962,1.0,1.1,False,True,False,False,False,False
A042,T1059.006,14.0,15.0,0.80-0.95,0.9090909090909091,0.9658181818181818,0.9044444444444445,0.5714285714285714,0.940292201826933,1.0,1.0,False,False,False,False,False,False
A043,T1065,2.0,3.0,J<0.40,0.2597402597402597,0.32037691401649,0.27839643652561247,0.2,0.5110105587993061,1.0,1.0,False,False,False,False,False,False
A044,T1190,3.0,4.0,0.80-0.95,0.9368421052631579,0.9526558891454965,0.933456561922366,0.5,0.9153735527758492,1.0,1.1,False,True,False,False,False,False
A045,T1211,18.0,19.0,J<0.40,0.32919254658385094,0.12851742965140697,0.4444444444444444,0.0,0.45374759438007045,1.5,2.0,True,True,True,False,True,True
A046,T1497.003,17.0,18.0,J<0.40,0.3878787878787879,0.31362275449101795,0.42747252747252745,0.0,0.6121428771080912,1.3,2.0,True,True,False,False,True,True
A047,T1098.002,14.0,15.0,J>=0.95,0.9548387096774194,0.9779079052435454,0.9514792899408284,0.75,0.9713460117582002,2.1,2.1,False,False,False,False,False,False
A048,T1207,6.0,7.0,0.80-0.95,0.9444444444444444,0.9039093898428937,0.9627507163323782,0.3333333333333333,0.947363207669892,1.0,2.0,True,True,False,False,True,False
A049,T1114.003,9.0,10.0,0.60-0.80,0.7007299270072993,0.27072023163228376,0.7174515235457064,0.2222222222222222,0.8655120341465717,1.1,1.2,False,True,False,True,False,False
A050,T1204,14.0,15.0,0.80-0.95,0.8881118881118881,0.9338544798556825,0.8753246753246753,0.6666666666666666,0.9396862201761214,1.5,1.6,False,True,False,False,False,False
A051,T1020,2.0,3.0,0.40-0.60,0.5675675675675675,0.6204081632653061,0.5253164556962026,0.0,0.6807544474725714,1.0,1.0,False,False,False,False,False,False
A052,T1114,6.0,7.0,J<0.40,0.1103448275862069,0.074877916440586,0.17662682602921648,0.0,0.27374087868814845,2.0,2.1,False,True,False,False,False,False
A053,T1036,6.0,7.0,J<0.40,0.1453900709219858,0.0911595291760581,0.23660030627871362,0.0,0.27246509715849154,1.2,1.3,False,True,False,False,False,False
A054,T1056.002,10.0,11.0,J>=0.95,0.991304347826087,0.994413407821229,0.9968701095461658,0.6,0.9964799062873245,1.1,1.2,False,True,False,False,False,False
A055,T1213,2.0,3.0,0.40-0.60,0.4973821989528796,0.4954954954954955,0.5457256461232605,0.14285714285714285,0.7554512072663795,1.0,1.0,False,False,False,False,False,False
A056,T1106,9.0,10.0,0.80-0.95,0.8301886792452831,0.8274974253347065,0.8445873526259379,0.15384615384615385,0.9264636510121882,2.0,2.1,False,True,False,False,False,False
A057,T1168,2.0,3.0,0.60-0.80,0.7575757575757576,0.8149140433132396,0.746641074856046,0.15789473684210525,0.9469981493587052,1.0,1.0,False,False,False,False,False,False
A058,T1053,2.0,3.0,J<0.40,0.3054393305439331,0.336866902237927,0.3607540702656384,0.15789473684210525,0.6447958096771741,1.0,1.0,False,False,False,False,False,False
A059,T1010,2.0,3.0,J<0.40,0.37037037037037035,0.3941176470588235,0.34991708126036486,0.2,0.5888792273592471,1.0,1.0,False,False,False,False,False,False
A060,T1110,17.0,18.0,0.60-0.80,0.7819548872180451,0.8865398167723749,0.84,0.8,0.9095378942984,2.7,2.8,False,True,False,False,False,False
A061,T1173,2.0,3.0,0.60-0.80,0.7784431137724551,0.8308801441874437,0.8054298642533937,0.6363636363636364,0.960883465561162,1.0,1.0,False,False,False,False,False,False
A062,T1093,2.0,3.0,J<0.40,0.296,0.4043280182232346,0.3410071942446043,0.125,0.6199076665804597,1.0,1.0,False,False,False,False,False,False
A063,T1136.003,14.0,15.0,0.60-0.80,0.6402877697841727,0.6750448833034112,0.6625514403292181,0.3333333333333333,0.7660043882156455,1.4,1.5,False,True,False,False,False,False
A064,T1018,7.0,8.0,0.40-0.60,0.5971223021582733,0.6482309882065881,0.6170483460559797,0.5714285714285714,0.6024723907668257,2.1,3.0,True,True,False,True,False,False
A065,T1105,12.0,13.0,J>=0.95,0.9807692307692307,0.9774946921443737,0.9790660225442834,0.7142857142857143,0.9837512375238178,2.1,2.2,False,True,False,False,False,False
A066,T1016,11.0,12.0,J>=0.95,0.9509803921568627,0.9723849372384937,0.9438775510204082,0.5,0.9558709002187166,1.4,1.5,False,True,False,False,False,False
A067,T1014,2.0,3.0,0.40-0.60,0.5573770491803278,0.6465116279069767,0.5644937586685159,0.18181818181818182,0.8137950769223017,1.0,1.0,False,False,False,False,False,False
A068,T1593,8.0,9.0,J>=0.95,0.9560439560439561,0.9858657243816255,0.9814126394052045,0.5,0.9936521693138297,1.0,1.0,False,False,False,False,False,False
A069,T1030,2.0,3.0,J<0.40,0.28703703703703703,0.336,0.30569948186528495,0.2857142857142857,0.5970102472988981,1.0,1.0,False,False,False,False,False,False
A070,T1141,2.0,3.0,0.60-0.80,0.7475728155339806,0.8179500254971953,0.8049180327868852,0.5,0.9206603205263119,1.0,1.0,False,False,False,False,False,False
A071,T1072,14.0,15.0,0.40-0.60,0.5340909090909091,0.5432174715472162,0.5743756786102063,0.06666666666666667,0.6780345100195605,2.2,3.0,True,True,False,True,False,True
A072,T1548.001,10.0,11.0,0.40-0.60,0.5698324022346368,0.5364296081277213,0.6301969365426696,0.0,0.8293161546059551,1.0,1.1,False,True,False,False,False,False
A073,T1137,6.0,7.0,J<0.40,0.25089605734767023,0.18450946643717728,0.2934451219512195,0.04,0.7233155107097784,1.2,1.2,False,False,False,False,False,False
A074,T1564.008,12.0,13.0,0.60-0.80,0.7643312101910829,0.8369843527738264,0.8212616822429907,0.7,0.9368234143979497,1.1,1.2,False,True,False,False,False,False
A075,T1129,10.0,11.0,J>=0.95,1.0,0.9996372869060574,0.9923896499238964,0.6666666666666666,1.0,2.1,2.1,False,False,False,False,False,True
A076,T1560,14.0,15.0,0.80-0.95,0.9,0.962172647914646,0.8928571428571429,0.4,0.9357312327072925,1.0,1.0,False,False,False,False,False,False
A077,T1187,17.0,18.0,0.80-0.95,0.8601694915254238,0.874565560821485,0.8699254349627175,0.23076923076923078,0.9317671851899398,1.3,1.4,False,True,False,False,False,False
A078,T1134.002,9.0,10.0,J<0.40,0.34210526315789475,0.278434940855323,0.3778280542986425,0.0,0.48837689560038583,1.0,1.1,False,True,False,False,False,False
A079,T1558,9.0,10.0,J<0.40,0.357487922705314,0.4186413902053712,0.4378585086042065,0.3333333333333333,0.6771640713659999,1.2,1.3,False,True,False,True,False,False
A080,T1480,6.0,7.0,0.40-0.60,0.4563106796116505,0.38486386709736964,0.5330776605944392,0.0,0.5210321424525927,1.0,1.1,False,True,False,False,False,False
A081,T1087,14.0,15.0,0.80-0.95,0.9252336448598131,0.9601181683899557,0.9308072487644151,0.5714285714285714,0.9505406523274279,2.4,2.4,False,False,False,False,False,False
A082,T1564.003,16.0,17.0,0.80-0.95,0.8734939759036144,0.9017881705639614,0.869757174392936,0.7,0.9453557087990332,1.2,1.3,False,True,False,False,False,False
A083,T1089,2.0,3.0,0.40-0.60,0.4880952380952381,0.5318606627017842,0.4909090909090909,0.3333333333333333,0.6926972241184611,1.0,1.0,False,False,False,False,False,False
A084,T1187,2.0,3.0,0.60-0.80,0.768595041322314,0.8304794520547946,0.7928748964374482,0.4,0.9034321638005125,1.0,1.0,False,False,False,False,False,False
A085,T1110,9.0,10.0,0.40-0.60,0.5894736842105263,0.59391771019678,0.5845323741007195,0.5,0.7954298255180701,2.2,2.3,False,True,False,False,False,True
A086,T1071,12.0,13.0,J>=0.95,0.9855072463768116,0.9965986394557823,0.9847715736040609,0.6,0.9831182221679758,2.0,2.1,False,True,False,False,False,False
A087,T1574.011,9.0,10.0,0.60-0.80,0.7045454545454546,0.6808510638297872,0.7392638036809815,0.21428571428571427,0.8289182459410271,1.0,1.1,False,True,False,False,False,False
A088,T1040,2.0,3.0,0.40-0.60,0.422360248447205,0.27757721620537507,0.4519774011299435,0.06666666666666667,0.6457558109038719,1.0,1.0,False,False,True,False,False,False
A089,T1098.001,13.0,14.0,0.80-0.95,0.896969696969697,0.9137393473290376,0.9153269024651661,0.625,0.9647878734895312,2.5,2.6,False,True,True,False,False,False
A090,T1047,14.0,15.0,0.40-0.60,0.5263157894736842,0.6142759094028827,0.5653710247349824,0.14285714285714285,0.822114088804564,1.4,1.5,False,True,False,False,False,True
A091,T1218,6.0,7.0,J<0.40,0.2236024844720497,0.17716960749009722,0.23156801661474558,0.16666666666666666,0.2308756217930081,2.0,2.1,False,True,True,False,False,False
A092,T1196,2.0,3.0,0.40-0.60,0.43037974683544306,0.4667143879742305,0.463768115942029,0.3,0.889892744128208,1.0,1.0,False,False,False,False,False,False
A093,T1553.001,9.0,10.0,0.40-0.60,0.5678391959798995,0.267260579064588,0.6037383177570094,0.0,0.8605908198479278,1.0,1.1,False,True,False,False,False,False
A094,T1036.005,16.0,17.0,0.60-0.80,0.6551724137931034,0.5382436260623229,0.7053941908713693,0.1,0.8334998477028548,1.2,2.0,True,True,False,True,True,False
A095,T1110,3.0,4.0,0.60-0.80,0.6704545454545454,0.8146018970968669,0.6872246696035242,0.3333333333333333,0.6881983515208038,1.0,1.1,False,True,False,False,False,False
A096,T1120,2.0,3.0,J<0.40,0.3333333333333333,0.4146341463414634,0.3659491193737769,0.25,0.6470215057041057,1.0,1.0,False,False,False,False,False,False
A097,T1221,6.0,7.0,0.80-0.95,0.9171597633136095,0.9381090334474586,0.9413173652694611,0.4666666666666667,0.979289267728166,1.1,1.2,False,True,False,False,False,False
A098,T1127,6.0,7.0,J<0.40,0.28780487804878047,0.10560295134885866,0.34881422924901184,0.0,0.5194476147580718,1.1,1.2,False,True,True,False,True,False
A099,T1574.001,17.0,18.0,0.80-0.95,0.8536585365853658,0.9164823008849557,0.8902439024390244,0.7,0.9689864168631863,2.0,2.1,False,True,False,False,False,False
A100,T1495,10.0,11.0,0.60-0.80,0.7361111111111112,0.7403685092127303,0.6859688195991092,0.2,0.89379009436586,1.0,1.1,False,True,False,True,False,False
A101,T1079,2.0,3.0,J<0.40,0.17857142857142858,0.22714681440443213,0.21899736147757257,0.1111111111111111,0.451668276782051,1.0,1.0,False,False,False,False,False,False
A102,T1126,2.0,3.0,J<0.40,0.3709677419354839,0.40447046301224054,0.36046511627906974,0.09090909090909091,0.7134481110046348,1.0,1.0,False,False,False,False,False,False
A103,T1583,13.0,14.0,0.80-0.95,0.8811881188118812,0.9345981028457314,0.8839869281045751,0.6666666666666666,0.9436794103154048,1.2,1.3,False,True,False,False,False,False
A104,T1018,5.0,6.0,0.80-0.95,0.8918918918918919,0.9189915966386555,0.9017160686427457,0.8181818181818182,0.9734296182776563,1.1,2.0,True,True,False,True,False,False
A105,T1119,14.0,15.0,0.80-0.95,0.93,0.968721251149954,0.9261168384879725,0.5,0.9587415834939614,1.1,1.2,False,True,False,False,False,False
A106,T1539,8.0,9.0,J>=0.95,0.9777777777777777,0.996876084692815,0.9813218390804598,0.5555555555555556,0.9921158414022112,1.0,1.1,False,True,False,True,False,False
A107,T1543.002,7.0,8.0,0.80-0.95,0.9254658385093167,0.9475170628383149,0.9322617680826636,0.7777777777777778,0.9598638500655609,1.0,1.2,False,True,False,False,False,False
A108,T1012,2.0,3.0,J<0.40,0.3106796116504854,0.43097643097643096,0.3721311475409836,0.3,0.683887430957432,1.0,1.0,False,False,False,False,False,False
A109,T1547.011,9.0,10.0,J<0.40,0.24675324675324675,0.08020624462904612,0.349862258953168,0.0,0.44050450590803847,1.0,1.1,False,True,False,False,False,False
A110,T1129,3.0,4.0,J>=0.95,0.9775280898876404,0.9938325991189427,0.9637023593466425,0.7142857142857143,0.9910089150819709,1.0,1.0,False,False,False,False,False,False
A111,T1170,5.0,6.0,J>=0.95,0.9652173913043478,0.9879062736205594,0.966275659824047,0.75,0.9935663301653406,1.1,1.2,False,True,False,False,False,False
A112,T1183,2.0,3.0,0.40-0.60,0.5660377358490566,0.4704391891891892,0.610726643598616,0.15789473684210525,0.7406035643328696,1.0,1.0,False,False,False,False,False,False
A113,T1110.001,10.0,11.0,0.80-0.95,0.8806818181818182,0.9372222222222222,0.8856825749167592,0.6666666666666666,0.9689154855768425,1.2,1.3,False,True,False,True,False,False
A114,T1216.001,9.0,10.0,0.40-0.60,0.4461538461538462,0.17543859649122806,0.4485006518904824,0.0,0.7338004162584367,1.0,1.1,False,True,False,False,False,False
A115,T1098,5.0,6.0,J<0.40,0.38414634146341464,0.51430781129157,0.45353159851301117,0.4,0.6329329660801962,1.0,2.0,True,True,False,True,False,False
A116,T1207,8.0,9.0,J>=0.95,0.976,0.9971509971509972,0.9826086956521739,0.8,0.9919382399949466,2.0,2.0,False,False,False,False,False,False
A117,T1574.004,8.0,9.0,J<0.40,0.31176470588235294,0.09690230341540905,0.3699885452462772,0.0,0.5508815982317593,1.0,2.0,True,True,False,False,False,False
A118,T1070.003,11.0,12.0,J>=0.95,0.993421052631579,0.986529826812059,0.9805589307411907,0.8666666666666667,0.9966365657670277,1.2,1.3,False,True,False,False,False,False
A119,T1027.004,15.0,16.0,J>=0.95,0.978494623655914,0.9772594752186589,0.96,0.6,0.968057455748303,1.0,1.1,False,True,False,False,False,False
A120,T1189,5.0,6.0,0.80-0.95,0.8755980861244019,0.8950937375349023,0.9048582995951417,0.76,0.9563373875880552,1.0,1.1,False,True,False,True,False,False
A121,T1061,2.0,3.0,J<0.40,0.232,0.034993270524899055,0.28370786516853935,0.0,0.35250350216004667,1.0,1.0,False,False,False,False,False,False
A122,T1086,3.0,4.0,0.60-0.80,0.672566371681416,0.7481549815498155,0.6795827123695977,0.5,0.8626901088742115,1.0,1.1,False,True,False,False,False,False
A123,T1112,6.0,7.0,0.80-0.95,0.9402985074626866,0.9682337992376112,0.9378378378378378,0.5,0.9826325215252057,1.0,1.1,False,True,False,False,False,False
A124,T1098.001,8.0,9.0,0.80-0.95,0.8070175438596491,0.7849829351535836,0.8111273792093704,0.3333333333333333,0.8874195001609813,2.0,2.2,False,True,False,True,False,False
A125,T1615,14.0,15.0,J>=0.95,0.9901960784313726,0.9958540630182421,0.9924012158054711,0.6,0.996778814370948,1.1,1.1,False,False,False,False,False,False
A126,T1025,2.0,3.0,0.40-0.60,0.5102040816326531,0.5741811175337187,0.48939929328621906,0.2,0.811475067549776,1.0,1.0,False,False,False,False,False,False
A127,T1201,9.0,10.0,0.80-0.95,0.9008264462809917,0.9023013460703431,0.9089506172839507,0.1,0.9580912360244159,1.2,1.3,False,True,False,True,False,False
A128,T1006,13.0,14.0,0.60-0.80,0.6944444444444444,0.807153965785381,0.6673866090712743,0.375,0.8055469784116547,2.0,2.1,False,True,False,False,False,False
A129,T1534,14.0,15.0,0.40-0.60,0.5421686746987951,0.5157650182542317,0.616969696969697,0.0,0.5753037262754968,1.2,1.3,False,True,False,False,False,False
A130,T1071,15.0,16.0,J>=0.95,0.9746835443037974,0.9768875192604006,0.9440715883668904,0.6,0.9571314305907516,2.2,2.3,False,True,False,False,False,False
A131,T1021,6.0,7.0,0.40-0.60,0.43209876543209874,0.4786150712830957,0.4618834080717489,0.16666666666666666,0.5918828334381228,1.0,1.1,False,True,False,False,False,False
A132,T1114,5.0,6.0,J<0.40,0.3115942028985507,0.3525390625,0.38055555555555554,0.375,0.5222273321056426,1.0,2.0,True,True,False,True,False,False
A133,T1105,2.0,3.0,0.40-0.60,0.4768211920529801,0.5794094173982443,0.47388535031847134,0.15384615384615385,0.7036386676668209,1.0,1.0,False,False,False,False,False,False
A134,T1200,10.0,11.0,0.60-0.80,0.7899159663865546,0.343649946638207,0.7784615384615384,0.1111111111111111,0.8424231430585439,1.2,1.3,False,True,False,False,False,False
A135,T1557,10.0,11.0,0.40-0.60,0.5915492957746479,0.6283320639756284,0.6067961165048543,0.3333333333333333,0.7305512723946502,2.0,2.1,False,True,False,False,False,False
A136,T1608.004,10.0,11.0,J>=0.95,0.9942528735632183,0.9971977582065652,0.9868131868131869,0.8181818181818182,0.9983031686248933,1.1,1.2,False,True,False,False,False,False
A137,T1130,2.0,3.0,0.60-0.80,0.68,0.70530749789385,0.5662805662805663,0.5789473684210527,0.8700235527842608,1.0,1.0,False,False,False,False,False,False
A138,T1108,5.0,6.0,0.80-0.95,0.8555555555555555,0.8740661686232657,0.8233009708737864,0.14285714285714285,0.9171797641538835,1.0,2.0,True,True,False,True,False,False
A139,T1116,2.0,3.0,0.60-0.80,0.7755102040816326,0.8520648196549921,0.7916666666666666,0.75,0.9306713231306033,1.0,1.0,False,False,False,False,False,False
A140,T1009,2.0,3.0,J<0.40,0.38636363636363635,0.49763481551561023,0.4051383399209486,0.4,0.6807853057850108,1.0,1.0,False,False,False,False,False,False
A141,T1041,6.0,7.0,0.40-0.60,0.5925925925925926,0.06965174129353234,0.6441717791411042,0.0,0.8159630666903424,1.0,2.0,True,True,False,False,True,False
A142,T1127,2.0,3.0,0.60-0.80,0.7824427480916031,0.8531691746466028,0.7961321514907332,0.5853658536585366,0.975787533494722,1.0,1.0,False,False,False,False,False,False
A143,T1606,12.0,13.0,0.80-0.95,0.9090909090909091,0.9167249825052485,0.8831360946745562,0.6666666666666666,0.9424105347735847,1.2,1.3,False,True,False,False,False,False
A144,T1117,2.0,3.0,0.60-0.80,0.7329545454545454,0.7969206264932307,0.7823275862068966,0.5333333333333333,0.9463681134056454,1.0,1.0,False,False,False,False,False,False
A145,T1071,2.0,3.0,0.40-0.60,0.5350877192982456,0.6088583905177791,0.5445705024311183,0.42857142857142855,0.6965424121159632,1.0,1.0,False,False,False,False,False,False
A146,T1204.003,9.0,10.0,0.80-0.95,0.9292929292929293,0.9692460317460317,0.9437609841827768,0.6,0.9777972225211816,1.0,1.1,False,True,False,False,False,False
A147,T1203,2.0,3.0,0.60-0.80,0.7277227722772277,0.7886815171583383,0.7174757281553398,0.5,0.8832444990691601,1.0,1.0,False,False,False,False,False,False
A148,T1566.002,10.0,11.0,0.80-0.95,0.8047337278106509,0.8495877168040944,0.856453558504222,0.7692307692307693,0.9254592155361593,2.1,2.2,False,True,False,False,False,False
A149,T1584.001,12.0,13.0,0.60-0.80,0.7647058823529411,0.8571428571428571,0.7783171521035599,0.5714285714285714,0.8861375618841575,1.2,1.3,False,True,False,False,False,False
A150,T1032,2.0,3.0,J<0.40,0.18562874251497005,0.017740429505135387,0.26941176470588235,0.0,0.27094039479109,1.0,1.0,False,False,False,False,False,False
